{
    "$schema": "https://schema.management.azure.com/schemas/2015-01-01/deploymentParameters.json#",
    "contentVersion": "1.0.0.0",
    "parameters": {
        "subscriptionId": {
            "value": "c1864628-da37-47d5-8744-8ec34fbaab3f"
        },
        "resourceGroupName": {
            "value": "Tema-AI-Rsc-Grp"
        },
        "name": {
            "value": "tema-ai-web-service"
        },
        "location": {
            "value": "East US"
        },
        "hostingPlanName": {
            "value": "ASP-TemaAIRscGrp-afac"
        },
        "serverFarmResourceGroup": {
            "value": "Tema-AI-Rsc-Grp"
        },
        "alwaysOn": {
            "value": false
        },
        "ftpsState": {
            "value": "FtpsOnly"
        },
        "autoGeneratedDomainNameLabelScope": {
            "value": "TenantReuse"
        },
        "sku": {
            "value": "Basic"
        },
        "skuCode": {
            "value": "B1"
        },
        "numberOfWorkers": {
            "value": "1"
        },
        "workerSize": {
            "value": "0"
        },
        "workerSizeId": {
            "value": "0"
        },
        "linuxFxVersion": {
            "value": "DOTNETCORE|8.0"
        },
        "repoUrl": {
            "value": "https://github.com/TEMA-AI-LLC/webapp"
        },
        "branch": {
            "value": "main"
        },
        "oidcUserIdentityName": {
            "value": "tema-ai-web-serv-id-bd79"
        }
    }
}